,input,output,label,label2,embedding_vector
0,운영 시간이 어떻게 되나요?,"광진정보 / 자양한강 스마트 도서관의 운영 시간은 365일 24시간 (연중무휴) 입니다.\n군자역 스마트 도서관의 운영 시간은 오전 05:00 ~ 09:29, 오전 11:30 ~ 오후 23:49 (연중무휴) 입니다.\n합정역 스마트 도서관의 운영 시간은 오전 05:30 - 오후 24:00 (연중무휴) 입니다.",문의,문의_운영시간,"[-0.23063953 -0.63200504  0.3364412  ... -0.10234901 -1.1235607
 -0.6547504 ]"
1,몇시부터 몇시까지 열어?,"광진정보 / 자양한강 스마트 도서관의 운영 시간은 365일 24시간 (연중무휴) 입니다.\n군자역 스마트 도서관의 운영 시간은 오전 05:00 ~ 09:29, 오전 11:30 ~ 오후 23:49 (연중무휴) 입니다.\n합정역 스마트 도서관의 운영 시간은 오전 05:30 - 오후 24:00 (연중무휴) 입니다.",문의,문의_운영시간,"[-0.18785626 -0.9231032   0.56497914 ... -0.09574208 -1.6062942
 -0.8349657 ]"
2,아침에 몇시에 열어?,"광진정보 / 자양한강 스마트 도서관의 운영 시간은 365일 24시간 (연중무휴) 입니다.\n군자역 스마트 도서관의 운영 시간은 오전 05:00 ~ 09:29, 오전 11:30 ~ 오후 23:49 (연중무휴) 입니다.\n합정역 스마트 도서관의 운영 시간은 오전 05:30 - 오후 24:00 (연중무휴) 입니다.",문의,문의_운영시간,"[ 0.113663   -0.82971597  0.0839799  ... -0.4988336  -1.264705
 -0.76825833]"
3,저녁에 몇시까지 해?,"광진정보 / 자양한강 스마트 도서관의 운영 시간은 365일 24시간 (연중무휴) 입니다.\n군자역 스마트 도서관의 운영 시간은 오전 05:00 ~ 09:29, 오전 11:30 ~ 오후 23:49 (연중무휴) 입니다.\n합정역 스마트 도서관의 운영 시간은 오전 05:30 - 오후 24:00 (연중무휴) 입니다.",문의,문의_운영시간,"[-0.45333818 -0.9460275   0.69863534 ...  1.0070117  -1.2205702
 -1.3524244 ]"
4,운영 시간이 언제야?,"광진정보 / 자양한강 스마트 도서관의 운영 시간은 365일 24시간 (연중무휴) 입니다.\n군자역 스마트 도서관의 운영 시간은 오전 05:00 ~ 09:29, 오전 11:30 ~ 오후 23:49 (연중무휴) 입니다.\n합정역 스마트 도서관의 운영 시간은 오전 05:30 - 오후 24:00 (연중무휴) 입니다.",문의,문의_운영시간,"[-0.04034712 -0.78129727  0.1539224  ... -0.40172708 -1.3537654
 -0.6503452 ]"
5,몇시부터 몇시까지 운영해?,"광진정보 / 자양한강 스마트 도서관의 운영 시간은 365일 24시간 (연중무휴) 입니다.\n군자역 스마트 도서관의 운영 시간은 오전 05:00 ~ 09:29, 오전 11:30 ~ 오후 23:49 (연중무휴) 입니다.\n합정역 스마트 도서관의 운영 시간은 오전 05:30 - 오후 24:00 (연중무휴) 입니다.",문의,문의_운영시간,"[-0.27674037 -1.0489178   0.7170121  ...  0.61331296 -1.5554917
 -1.3020482 ]"
6,공휴일에 열어?,"광진정보 / 자양한강 스마트 도서관의 운영 시간은 365일 24시간 (연중무휴) 입니다.\n군자역 스마트 도서관의 운영 시간은 오전 05:00 ~ 09:29, 오전 11:30 ~ 오후 23:49 (연중무휴) 입니다.\n합정역 스마트 도서관의 운영 시간은 오전 05:30 - 오후 24:00 (연중무휴) 입니다.",문의,문의_운영시간,"[ 0.0786096  -0.8075061   0.41010815 ...  0.49652523 -1.374649
 -0.11667623]"
7,스마트 도서관 운영시간이 어떻게 돼?,"광진정보 / 자양한강 스마트 도서관의 운영 시간은 365일 24시간 (연중무휴) 입니다.\n군자역 스마트 도서관의 운영 시간은 오전 05:00 ~ 09:29, 오전 11:30 ~ 오후 23:49 (연중무휴) 입니다.\n합정역 스마트 도서관의 운영 시간은 오전 05:30 - 오후 24:00 (연중무휴) 입니다.",문의,문의_운영시간,"[-0.11834881 -0.8218059   0.15732843 ...  0.16447963 -1.3768975
 -0.3485046 ]"
8,몇시에 열어?,"광진정보 / 자양한강 스마트 도서관의 운영 시간은 365일 24시간 (연중무휴) 입니다.\n군자역 스마트 도서관의 운영 시간은 오전 05:00 ~ 09:29, 오전 11:30 ~ 오후 23:49 (연중무휴) 입니다.\n합정역 스마트 도서관의 운영 시간은 오전 05:30 - 오후 24:00 (연중무휴) 입니다.",문의,문의_운영시간,"[ 0.04897242 -0.70671475  0.5134973  ...  0.17882752 -1.480206
 -0.5655779 ]"
9,몇시까지 해?,"광진정보 / 자양한강 스마트 도서관의 운영 시간은 365일 24시간 (연중무휴) 입니다.\n군자역 스마트 도서관의 운영 시간은 오전 05:00 ~ 09:29, 오전 11:30 ~ 오후 23:49 (연중무휴) 입니다.\n합정역 스마트 도서관의 운영 시간은 오전 05:30 - 오후 24:00 (연중무휴) 입니다.",문의,문의_운영시간,"[-0.06155534 -0.8572204   0.789878   ...  0.93184376 -1.5528946
 -1.1342505 ]"
10,나 책 연체됐는데 어떻게 돼?,광진정보 / 자양한강 / 군자역 / 합정역 스마트 도서관 모두 연체반납 시에 [대출권수x연체일수] 만큼 방문대출도 정지됩니다.,문의,문의_연체,"[-0.72717315 -0.6776532   0.52528787 ... -0.54665005 -0.858861
 -0.02653709]"
11,빌린 책 연체 되면 어떻게 되나요?,광진정보 / 자양한강 / 군자역 / 합정역 스마트 도서관 모두 연체반납 시에 [대출권수x연체일수] 만큼 방문대출도 정지됩니다.,문의,문의_연체,"[-1.0217774  -0.5198084   0.19548628 ... -0.6827685  -0.62717515
 -0.33723345]"
12,책 연체 되면 어떡하나요?,광진정보 / 자양한강 / 군자역 / 합정역 스마트 도서관 모두 연체반납 시에 [대출권수x연체일수] 만큼 방문대출도 정지됩니다.,문의,문의_연체,"[-0.48688173 -0.6593304   0.7189381  ...  0.14976665 -0.7643226
 -0.4451011 ]"
13,책 늦게 반납하면 정지인가요?,광진정보 / 자양한강 / 군자역 / 합정역 스마트 도서관 모두 연체반납 시에 [대출권수x연체일수] 만큼 방문대출도 정지됩니다.,문의,문의_연체,"[-0.5565402  -0.89720947  0.4503255  ...  0.42776024 -0.6755171
 -0.53648955]"
14,책 반납 늦게하면 어떻게 돼요?,광진정보 / 자양한강 / 군자역 / 합정역 스마트 도서관 모두 연체반납 시에 [대출권수x연체일수] 만큼 방문대출도 정지됩니다.,문의,문의_연체,"[-0.2844865  -0.8237259   0.39206856 ...  0.04163038 -0.97008044
 -0.42278972]"
15,연체 되면 어떻게 돼요?,광진정보 / 자양한강 / 군자역 / 합정역 스마트 도서관 모두 연체반납 시에 [대출권수x연체일수] 만큼 방문대출도 정지됩니다.,문의,문의_연체,"[-0.01415312 -0.78418225  0.69902366 ... -0.25222012 -1.040384
 -0.18250886]"
16,책 연체 되면 정지야?,광진정보 / 자양한강 / 군자역 / 합정역 스마트 도서관 모두 연체반납 시에 [대출권수x연체일수] 만큼 방문대출도 정지됩니다.,문의,문의_연체,"[-0.686308   -0.7356251   0.41033292 ...  0.36377805 -0.43325543
 -0.42809555]"
17,연체 하면 정지먹어?,광진정보 / 자양한강 / 군자역 / 합정역 스마트 도서관 모두 연체반납 시에 [대출권수x연체일수] 만큼 방문대출도 정지됩니다.,문의,문의_연체,"[-0.3082336  -0.4544566   0.45607656 ...  0.2325221  -1.0051575
 -0.891818  ]"
18,빌린 책 연체하면 정지야?,광진정보 / 자양한강 / 군자역 / 합정역 스마트 도서관 모두 연체반납 시에 [대출권수x연체일수] 만큼 방문대출도 정지됩니다.,문의,문의_연체,"[-0.97264785 -0.67010057  0.2647874  ...  0.10841013 -0.82083267
 -0.7624808 ]"
19,연체 되면 정지지?,광진정보 / 자양한강 / 군자역 / 합정역 스마트 도서관 모두 연체반납 시에 [대출권수x연체일수] 만큼 방문대출도 정지됩니다.,문의,문의_연체,"[-0.4243721  -0.96339804  0.45897105 ...  0.22897993 -0.77515435
 -0.5332744 ]"
20,최대 대출 가능한 권수가 몇권이야?,광진정보 / 자양한강 / 군자역 / 합정역 스마트 도서관 모두 한번에 최대 2권까지 대출 가능합니다,문의,문의_대출가능권수,"[-0.0928224  -1.2470009   0.78575534 ...  0.25927395 -1.3260149
 -1.1128967 ]"
21,한번에 대출 가능한 책은 몇권인가요?,광진정보 / 자양한강 / 군자역 / 합정역 스마트 도서관 모두 한번에 최대 2권까지 대출 가능합니다,문의,문의_대출가능권수,"[-0.18687886 -1.1164362   0.9059188  ...  0.8179355  -1.1373688
 -1.1153325 ]"
22,몇권까지 대출 돼?,광진정보 / 자양한강 / 군자역 / 합정역 스마트 도서관 모두 한번에 최대 2권까지 대출 가능합니다,문의,문의_대출가능권수,"[ 0.00412797 -1.1714164   0.68914795 ... -0.00730401 -1.1623751
 -0.8342207 ]"
23,대출 몇권까지 돼?,광진정보 / 자양한강 / 군자역 / 합정역 스마트 도서관 모두 한번에 최대 2권까지 대출 가능합니다,문의,문의_대출가능권수,"[-0.16127051 -1.1892229   0.8447051  ... -0.06943758 -1.1218325
 -1.0472478 ]"
24,대출 최대 몇권까지야?,광진정보 / 자양한강 / 군자역 / 합정역 스마트 도서관 모두 한번에 최대 2권까지 대출 가능합니다,문의,문의_대출가능권수,"[-0.3809567  -1.0485322   0.74512035 ... -0.18221031 -1.1434956
 -0.8319221 ]"
25,1인당 대출 몇권까지 야?,광진정보 / 자양한강 / 군자역 / 합정역 스마트 도서관 모두 한번에 최대 2권까지 대출 가능합니다,문의,문의_대출가능권수,"[-0.02227541 -0.66603446  0.11417863 ... -0.69315594 -0.89951825
 -0.457075  ]"
26,최대 몇권까지 대출돼?,광진정보 / 자양한강 / 군자역 / 합정역 스마트 도서관 모두 한번에 최대 2권까지 대출 가능합니다,문의,문의_대출가능권수,"[-0.13064319 -1.2940557   0.50339323 ... -0.16473712 -1.4184626
 -1.0127085 ]"
27,한번에 몇권까지 대출돼?,광진정보 / 자양한강 / 군자역 / 합정역 스마트 도서관 모두 한번에 최대 2권까지 대출 가능합니다,문의,문의_대출가능권수,"[-0.10728677 -1.1491778   0.878311   ...  0.37444675 -1.1291428
 -1.4263723 ]"
28,한번에 최대 몇권 대출 돼?,광진정보 / 자양한강 / 군자역 / 합정역 스마트 도서관 모두 한번에 최대 2권까지 대출 가능합니다,문의,문의_대출가능권수,"[-0.18567511 -1.0654237   0.9269215  ...  0.5098216  -1.1806761
 -1.1401854 ]"
29,대출하려는데 최대 몇권까지 돼?,광진정보 / 자양한강 / 군자역 / 합정역 스마트 도서관 모두 한번에 최대 2권까지 대출 가능합니다,문의,문의_대출가능권수,"[-0.46317166 -1.1194121   0.92817175 ...  0.37582952 -1.0948356
 -0.8305642 ]"
30,책 대여 어떻게 해?,"(책GPT 이용 방법 이미지)\n광진정보 스마트 도서관 이용 방법,02-3437-5092(내선 2번))\n자양한강 스마트 도서관 이용 방법,02-456-0048(내선 2번)\n군자역 스마트 도서관 이용 방법,02-3437-5092(내선 2번)\n합정역 스마트 도서관 이용 방법,02-3153-5800",문의,문의_대출방법,"[-0.36312088 -0.7670412   0.8929887  ...  0.35885218 -1.3025817
 -0.7425332 ]"
31,도서 대출 방법좀 알려주세요,"(책GPT 이용 방법 이미지)\n광진정보 스마트 도서관 이용 방법,02-3437-5092(내선 2번))\n자양한강 스마트 도서관 이용 방법,02-456-0048(내선 2번)\n군자역 스마트 도서관 이용 방법,02-3437-5092(내선 2번)\n합정역 스마트 도서관 이용 방법,02-3153-5800",문의,문의_대출방법,"[-0.5851757  -1.0765777   0.29005572 ...  0.12191934 -0.7174452
 -1.0696002 ]"
32,대출 하는 방법좀 알려줘,"(책GPT 이용 방법 이미지)\n광진정보 스마트 도서관 이용 방법,02-3437-5092(내선 2번))\n자양한강 스마트 도서관 이용 방법,02-456-0048(내선 2번)\n군자역 스마트 도서관 이용 방법,02-3437-5092(내선 2번)\n합정역 스마트 도서관 이용 방법,02-3153-5800",문의,문의_대출방법,"[-0.54512286 -1.0439253   0.6053387  ...  0.54897153 -0.7786813
 -1.2033361 ]"
33,책 대출 방법좀 알려줘,"(책GPT 이용 방법 이미지)\n광진정보 스마트 도서관 이용 방법,02-3437-5092(내선 2번))\n자양한강 스마트 도서관 이용 방법,02-456-0048(내선 2번)\n군자역 스마트 도서관 이용 방법,02-3437-5092(내선 2번)\n합정역 스마트 도서관 이용 방법,02-3153-5800",문의,문의_대출방법,"[-0.6991548  -0.9848965   0.26110566 ... -0.06816734 -0.4266026
 -0.44932345]"
34,도서관 이용 방법좀 알려줘,"(책GPT 이용 방법 이미지)\n광진정보 스마트 도서관 이용 방법,02-3437-5092(내선 2번))\n자양한강 스마트 도서관 이용 방법,02-456-0048(내선 2번)\n군자역 스마트 도서관 이용 방법,02-3437-5092(내선 2번)\n합정역 스마트 도서관 이용 방법,02-3153-5800",문의,문의_대출방법,"[-0.40642187 -1.0932497   0.1203779  ...  0.4066151  -1.0426286
 -0.73101044]"
35,스마트 도서관 이용 방법좀 알려줄래,"(책GPT 이용 방법 이미지)\n광진정보 스마트 도서관 이용 방법,02-3437-5092(내선 2번))\n자양한강 스마트 도서관 이용 방법,02-456-0048(내선 2번)\n군자역 스마트 도서관 이용 방법,02-3437-5092(내선 2번)\n합정역 스마트 도서관 이용 방법,02-3153-5800",문의,문의_대출방법,"[-0.12166419 -1.1523907  -0.02710188 ...  0.5015257  -0.77298796
 -0.63340807]"
36,책 어떻게 빌려?,"(책GPT 이용 방법 이미지)\n광진정보 스마트 도서관 이용 방법,02-3437-5092(내선 2번))\n자양한강 스마트 도서관 이용 방법,02-456-0048(내선 2번)\n군자역 스마트 도서관 이용 방법,02-3437-5092(내선 2번)\n합정역 스마트 도서관 이용 방법,02-3153-5800",문의,문의_대출방법,"[-0.65296763 -0.6270076   0.21638241 ... -0.17347367 -1.0194378
 -0.20649646]"
37,책 빌리는 방법좀 알려줘,"(책GPT 이용 방법 이미지)\n광진정보 스마트 도서관 이용 방법,02-3437-5092(내선 2번))\n자양한강 스마트 도서관 이용 방법,02-456-0048(내선 2번)\n군자역 스마트 도서관 이용 방법,02-3437-5092(내선 2번)\n합정역 스마트 도서관 이용 방법,02-3153-5800",문의,문의_대출방법,"[-0.7737347  -0.632842   -0.18244797 ...  0.00821442 -0.3161178
 -0.1959783 ]"
38,대출 어떻게 해?,"(책GPT 이용 방법 이미지)\n광진정보 스마트 도서관 이용 방법,02-3437-5092(내선 2번))\n자양한강 스마트 도서관 이용 방법,02-456-0048(내선 2번)\n군자역 스마트 도서관 이용 방법,02-3437-5092(내선 2번)\n합정역 스마트 도서관 이용 방법,02-3153-5800",문의,문의_대출방법,"[-0.03654863 -0.64138657  0.9040111  ...  0.33681434 -1.0441046
 -0.68486756]"
39,스마트 도서관 어떻게 이용해?,"(책GPT 이용 방법 이미지)\n광진정보 스마트 도서관 이용 방법,02-3437-5092(내선 2번))\n자양한강 스마트 도서관 이용 방법,02-456-0048(내선 2번)\n군자역 스마트 도서관 이용 방법,02-3437-5092(내선 2번)\n합정역 스마트 도서관 이용 방법,02-3153-5800",문의,문의_대출방법,"[-0.0500517  -0.79773027  0.40435413 ...  0.385034   -1.3657198
 -0.36460567]"
40,책 대여 기간 좀 알려줘,광진정보 / 자양한강 / 군자역 / 합정역 스마트 도서관 모두 대출 기간은 대출일 포함 15일입니다.,문의,문의_대출기간,"[-0.5221913  -1.08757     0.59351796 ...  0.14533338 -1.2694813
 -0.5055097 ]"
41,책 대출 기간은 어떻게 되나요?,광진정보 / 자양한강 / 군자역 / 합정역 스마트 도서관 모두 대출 기간은 대출일 포함 15일입니다.,문의,문의_대출기간,"[-0.36092523 -0.7705042   0.66340107 ... -0.33615515 -1.0312601
 -0.38928843]"
42,책 대출 기간좀 알려줘,광진정보 / 자양한강 / 군자역 / 합정역 스마트 도서관 모두 대출 기간은 대출일 포함 15일입니다.,문의,문의_대출기간,"[-0.5315392  -0.9947447   0.49163744 ...  0.06594426 -1.1415026
 -0.53908   ]"
43,대출 기간좀 알려줄래,광진정보 / 자양한강 / 군자역 / 합정역 스마트 도서관 모두 대출 기간은 대출일 포함 15일입니다.,문의,문의_대출기간,"[-0.2232233  -0.91761005  0.69786364 ... -0.24912564 -1.0731844
 -0.68445194]"
44,책 대출 기간이 어떻게 돼?,광진정보 / 자양한강 / 군자역 / 합정역 스마트 도서관 모두 대출 기간은 대출일 포함 15일입니다.,문의,문의_대출기간,"[-0.32202843 -0.8795394   0.58241475 ... -0.43327007 -1.3709754
 -0.4509796 ]"
45,대출 기간이 어떻게 돼?,광진정보 / 자양한강 / 군자역 / 합정역 스마트 도서관 모두 대출 기간은 대출일 포함 15일입니다.,문의,문의_대출기간,"[-0.1016836  -0.7652524   0.89130783 ... -0.37222475 -1.1920935
 -0.50903153]"
46,대출 기간좀 알려줘,광진정보 / 자양한강 / 군자역 / 합정역 스마트 도서관 모두 대출 기간은 대출일 포함 15일입니다.,문의,문의_대출기간,"[-0.39907214 -1.0715766   0.7348877  ... -0.11991844 -1.2075396
 -0.79626703]"
47,책 며칠 동안 빌릴 수 있어?,광진정보 / 자양한강 / 군자역 / 합정역 스마트 도서관 모두 대출 기간은 대출일 포함 15일입니다.,문의,문의_대출기간,"[-0.26489925 -0.7201419   0.03238909 ... -0.4530634  -0.5716813
 -0.55427206]"
48,대여 기간이 어떻게 돼?,광진정보 / 자양한강 / 군자역 / 합정역 스마트 도서관 모두 대출 기간은 대출일 포함 15일입니다.,문의,문의_대출기간,"[-0.08062431 -0.7984434   0.99319965 ... -0.28077254 -1.2379241
 -0.5303614 ]"
49,책 대여 기간좀 알려줘,광진정보 / 자양한강 / 군자역 / 합정역 스마트 도서관 모두 대출 기간은 대출일 포함 15일입니다.,문의,문의_대출기간,"[-0.50345206 -1.0407828   0.5581913  ...  0.14143498 -1.2422653
 -0.53905565]"
50,책 분실하면 어떻게 되나요?,"광진정보 / 자양한강 / 군자역 / 합정역 스마트 도서관 모두 자료 분실 혹은 훼손시 동일 도서로 변상하여야 합니다.\n동일 도서로 변상할 수 없는 경우에는 대체자료를 구입하여 변상하여야 하며,\n사전에 해당 자료실로 문의 바랍니다.",문의,문의_분실,"[-0.54239434 -0.6245436   0.52820015 ...  0.209968   -0.8370406
 -0.8073102 ]"
51,책 잃어버리면 어떡해?,"광진정보 / 자양한강 / 군자역 / 합정역 스마트 도서관 모두 자료 분실 혹은 훼손시 동일 도서로 변상하여야 합니다.\n동일 도서로 변상할 수 없는 경우에는 대체자료를 구입하여 변상하여야 하며,\n사전에 해당 자료실로 문의 바랍니다.",문의,문의_분실,"[-0.30340245 -0.46364033  0.44187254 ... -0.02482006 -0.8551021
 -0.5701387 ]"
52,도서 분실하면 어떡하나요?,"광진정보 / 자양한강 / 군자역 / 합정역 스마트 도서관 모두 자료 분실 혹은 훼손시 동일 도서로 변상하여야 합니다.\n동일 도서로 변상할 수 없는 경우에는 대체자료를 구입하여 변상하여야 하며,\n사전에 해당 자료실로 문의 바랍니다.",문의,문의_분실,"[-0.27368695 -0.7834521   0.64897615 ...  0.17111863 -1.0438446
 -0.8169755 ]"
53,책 잃어버렸는데 어떡해?,"광진정보 / 자양한강 / 군자역 / 합정역 스마트 도서관 모두 자료 분실 혹은 훼손시 동일 도서로 변상하여야 합니다.\n동일 도서로 변상할 수 없는 경우에는 대체자료를 구입하여 변상하여야 하며,\n사전에 해당 자료실로 문의 바랍니다.",문의,문의_분실,"[-0.5795418  -0.57685965  0.5331026  ...  0.09479848 -0.8512455
 -0.4550739 ]"
54,나 책 분실했어 변상해야 돼?,"광진정보 / 자양한강 / 군자역 / 합정역 스마트 도서관 모두 자료 분실 혹은 훼손시 동일 도서로 변상하여야 합니다.\n동일 도서로 변상할 수 없는 경우에는 대체자료를 구입하여 변상하여야 하며,\n사전에 해당 자료실로 문의 바랍니다.",문의,문의_분실,"[-0.6290487  -0.79061913  0.49877536 ... -0.29206887 -1.1579648
 -0.80462617]"
55,나 책 잃어버렸어,"광진정보 / 자양한강 / 군자역 / 합정역 스마트 도서관 모두 자료 분실 혹은 훼손시 동일 도서로 변상하여야 합니다.\n동일 도서로 변상할 수 없는 경우에는 대체자료를 구입하여 변상하여야 하며,\n사전에 해당 자료실로 문의 바랍니다.",문의,문의_분실,"[-0.6739835  -0.42367628  0.31324962 ... -0.38244113 -0.79009676
 -0.58117014]"
56,책 잃어버렸어 물어줘야 돼?,"광진정보 / 자양한강 / 군자역 / 합정역 스마트 도서관 모두 자료 분실 혹은 훼손시 동일 도서로 변상하여야 합니다.\n동일 도서로 변상할 수 없는 경우에는 대체자료를 구입하여 변상하여야 하며,\n사전에 해당 자료실로 문의 바랍니다.",문의,문의_분실,"[-0.33970597 -0.5785353   0.06372891 ... -0.30653054 -0.8944358
 -0.46694744]"
57,책 분실했는데 물어줘야 되지?,"광진정보 / 자양한강 / 군자역 / 합정역 스마트 도서관 모두 자료 분실 혹은 훼손시 동일 도서로 변상하여야 합니다.\n동일 도서로 변상할 수 없는 경우에는 대체자료를 구입하여 변상하여야 하며,\n사전에 해당 자료실로 문의 바랍니다.",문의,문의_분실,"[-0.74441767 -0.7888793   0.2588019  ... -0.28391588 -0.9659157
 -0.34615523]"
58,나 책 잃어버렸는데 변상해야 돼?,"광진정보 / 자양한강 / 군자역 / 합정역 스마트 도서관 모두 자료 분실 혹은 훼손시 동일 도서로 변상하여야 합니다.\n동일 도서로 변상할 수 없는 경우에는 대체자료를 구입하여 변상하여야 하며,\n사전에 해당 자료실로 문의 바랍니다.",문의,문의_분실,"[-0.82362217 -0.5937551   0.49521646 ... -0.0485018  -0.85862285
 -0.5877944 ]"
59,도서관 몇 시까지 해?,"광진정보 / 자양한강 스마트 도서관의 운영 시간은 365일 24시간 (연중무휴) 입니다.\n군자역 스마트 도서관의 운영 시간은 오전 05:00 ~ 09:29, 오전 11:30 ~ 오후 23:49 (연중무휴) 입니다.\n합정역 스마트 도서관의 운영 시간은 오전 05:30 - 오후 24:00 (연중무휴) 입니다.",문의,문의_운영시간,"[-0.1623625  -0.88647956  0.8835261  ...  0.7940666  -1.5700339
 -1.3927282 ]"
60,운영시간 좀 알려줘,"광진정보 / 자양한강 스마트 도서관의 운영 시간은 365일 24시간 (연중무휴) 입니다.\n군자역 스마트 도서관의 운영 시간은 오전 05:00 ~ 09:29, 오전 11:30 ~ 오후 23:49 (연중무휴) 입니다.\n합정역 스마트 도서관의 운영 시간은 오전 05:30 - 오후 24:00 (연중무휴) 입니다.",문의,문의_운영시간,"[-0.32594427 -0.9501129  -0.16667931 ...  0.19132581 -1.3518505
 -0.86718017]"
61,도서관 방문 가능일 알려줘,"광진정보 / 자양한강 스마트 도서관의 운영 시간은 365일 24시간 (연중무휴) 입니다.\n군자역 스마트 도서관의 운영 시간은 오전 05:00 ~ 09:29, 오전 11:30 ~ 오후 23:49 (연중무휴) 입니다.\n합정역 스마트 도서관의 운영 시간은 오전 05:30 - 오후 24:00 (연중무휴) 입니다.",문의,문의_운영시간,"[-0.2451551  -1.2066046   0.40727875 ...  0.5265495  -1.2399976
 -0.5450458 ]"
62,방문 가능한 시간대가 언제야?,"광진정보 / 자양한강 스마트 도서관의 운영 시간은 365일 24시간 (연중무휴) 입니다.\n군자역 스마트 도서관의 운영 시간은 오전 05:00 ~ 09:29, 오전 11:30 ~ 오후 23:49 (연중무휴) 입니다.\n합정역 스마트 도서관의 운영 시간은 오전 05:30 - 오후 24:00 (연중무휴) 입니다.",문의,문의_운영시간,"[-0.10854103 -0.5145133   0.56644857 ... -0.18003012 -1.52198
 -0.41336745]"
63,도서관 휴관일은 언제야?,"광진정보 / 자양한강 스마트 도서관의 운영 시간은 365일 24시간 (연중무휴) 입니다.\n군자역 스마트 도서관의 운영 시간은 오전 05:00 ~ 09:29, 오전 11:30 ~ 오후 23:49 (연중무휴) 입니다.\n합정역 스마트 도서관의 운영 시간은 오전 05:30 - 오후 24:00 (연중무휴) 입니다.",문의,문의_운영시간,"[-0.18428352 -0.7840712   0.6266453  ...  0.11389367 -1.4336119
 -0.3393706 ]"
64,공휴일에도 운영되나요?,"광진정보 / 자양한강 스마트 도서관의 운영 시간은 365일 24시간 (연중무휴) 입니다.\n군자역 스마트 도서관의 운영 시간은 오전 05:00 ~ 09:29, 오전 11:30 ~ 오후 23:49 (연중무휴) 입니다.\n합정역 스마트 도서관의 운영 시간은 오전 05:30 - 오후 24:00 (연중무휴) 입니다.",문의,문의_운영시간,"[-0.31542188 -0.8773055   0.45622116 ...  0.5517377  -1.1255115
 -0.5718739 ]"
65,공휴일에도 운영해?,"광진정보 / 자양한강 스마트 도서관의 운영 시간은 365일 24시간 (연중무휴) 입니다.\n군자역 스마트 도서관의 운영 시간은 오전 05:00 ~ 09:29, 오전 11:30 ~ 오후 23:49 (연중무휴) 입니다.\n합정역 스마트 도서관의 운영 시간은 오전 05:30 - 오후 24:00 (연중무휴) 입니다.",문의,문의_운영시간,"[-0.1847345  -1.0379071   0.68876374 ...  0.8488025  -1.3019228
 -0.71373296]"
66,도서관 쉬는 날이 언제야?,"광진정보 / 자양한강 스마트 도서관의 운영 시간은 365일 24시간 (연중무휴) 입니다.\n군자역 스마트 도서관의 운영 시간은 오전 05:00 ~ 09:29, 오전 11:30 ~ 오후 23:49 (연중무휴) 입니다.\n합정역 스마트 도서관의 운영 시간은 오전 05:30 - 오후 24:00 (연중무휴) 입니다.",문의,문의_운영시간,"[-0.6000588  -0.40541175  0.5674536  ... -0.35070774 -1.254325
 -0.40056312]"
67,도서관 주말 운영시간이 어떻게 돼?,"광진정보 / 자양한강 스마트 도서관의 운영 시간은 365일 24시간 (연중무휴) 입니다.\n군자역 스마트 도서관의 운영 시간은 오전 05:00 ~ 09:29, 오전 11:30 ~ 오후 23:49 (연중무휴) 입니다.\n합정역 스마트 도서관의 운영 시간은 오전 05:30 - 오후 24:00 (연중무휴) 입니다.",문의,문의_운영시간,"[-0.26858017 -0.85280913  0.37751076 ... -0.43305242 -1.284228
 -0.42057315]"
68,책 빌릴 수 있는 시간대가 언제야?,"광진정보 / 자양한강 스마트 도서관의 운영 시간은 365일 24시간 (연중무휴) 입니다.\n군자역 스마트 도서관의 운영 시간은 오전 05:00 ~ 09:29, 오전 11:30 ~ 오후 23:49 (연중무휴) 입니다.\n합정역 스마트 도서관의 운영 시간은 오전 05:30 - 오후 24:00 (연중무휴) 입니다.",문의,문의_운영시간,"[-0.6360068  -0.562168    0.1010358  ... -0.723269   -0.8699499
 -0.44202486]"
69,도서관 운영 시간 알려줘,"광진정보 / 자양한강 스마트 도서관의 운영 시간은 365일 24시간 (연중무휴) 입니다.\n군자역 스마트 도서관의 운영 시간은 오전 05:00 ~ 09:29, 오전 11:30 ~ 오후 23:49 (연중무휴) 입니다.\n합정역 스마트 도서관의 운영 시간은 오전 05:30 - 오후 24:00 (연중무휴) 입니다.",문의,문의_운영시간,"[-0.63526016 -1.2058288   0.18713748 ...  0.2537534  -1.386686
 -0.76488644]"
70,도서관 휴무일 알려줘,"광진정보 / 자양한강 스마트 도서관의 운영 시간은 365일 24시간 (연중무휴) 입니다.\n군자역 스마트 도서관의 운영 시간은 오전 05:00 ~ 09:29, 오전 11:30 ~ 오후 23:49 (연중무휴) 입니다.\n합정역 스마트 도서관의 운영 시간은 오전 05:30 - 오후 24:00 (연중무휴) 입니다.",문의,문의_운영시간,"[-0.48506954 -1.0441827   0.5886485  ...  0.7644328  -1.2915976
 -0.70680976]"
71,휴관일 알려줘,"광진정보 / 자양한강 스마트 도서관의 운영 시간은 365일 24시간 (연중무휴) 입니다.\n군자역 스마트 도서관의 운영 시간은 오전 05:00 ~ 09:29, 오전 11:30 ~ 오후 23:49 (연중무휴) 입니다.\n합정역 스마트 도서관의 운영 시간은 오전 05:30 - 오후 24:00 (연중무휴) 입니다.",문의,문의_운영시간,"[-0.14747907 -0.93902427  0.34370384 ...  0.7194276  -1.245159
 -0.38715583]"
72,도서관 운영시간 정보,"광진정보 / 자양한강 스마트 도서관의 운영 시간은 365일 24시간 (연중무휴) 입니다.\n군자역 스마트 도서관의 운영 시간은 오전 05:00 ~ 09:29, 오전 11:30 ~ 오후 23:49 (연중무휴) 입니다.\n합정역 스마트 도서관의 운영 시간은 오전 05:30 - 오후 24:00 (연중무휴) 입니다.",문의,문의_운영시간,"[-0.5936736  -1.0469625   0.32856864 ...  0.11931605 -1.4567672
 -0.5964817 ]"
73,도서관 운영일 언제임,"광진정보 / 자양한강 스마트 도서관의 운영 시간은 365일 24시간 (연중무휴) 입니다.\n군자역 스마트 도서관의 운영 시간은 오전 05:00 ~ 09:29, 오전 11:30 ~ 오후 23:49 (연중무휴) 입니다.\n합정역 스마트 도서관의 운영 시간은 오전 05:30 - 오후 24:00 (연중무휴) 입니다.",문의,문의_운영시간,"[-0.0968182  -0.6353683   0.35231748 ... -0.21835126 -1.0505092
 -0.58334464]"
74,책 연체 규정이 어떻게 되나요?,광진정보 / 자양한강 / 군자역 / 합정역 스마트 도서관 모두 연체반납 시에 [대출권수x연체일수] 만큼 방문대출도 정지됩니다.,문의,문의_연체,"[-0.58253574 -0.6432209   0.51972014 ... -0.01438394 -0.7716638
 -0.04446516]"
75,책 연체하면 어떻게 됨?,광진정보 / 자양한강 / 군자역 / 합정역 스마트 도서관 모두 연체반납 시에 [대출권수x연체일수] 만큼 방문대출도 정지됩니다.,문의,문의_연체,"[-0.46836373 -0.46862134  0.5332622  ...  0.00746349 -0.8935033
 -0.39613846]"
76,연체한 도서에 대한 규제가 있나요?,광진정보 / 자양한강 / 군자역 / 합정역 스마트 도서관 모두 연체반납 시에 [대출권수x연체일수] 만큼 방문대출도 정지됩니다.,문의,문의_연체,"[-0.3509186  -0.9393595   0.7437576  ...  0.62113917 -1.2332332
 -0.8478687 ]"
77,도서 연체했을 때 규제가 있나요?,광진정보 / 자양한강 / 군자역 / 합정역 스마트 도서관 모두 연체반납 시에 [대출권수x연체일수] 만큼 방문대출도 정지됩니다.,문의,문의_연체,"[-0.6734592  -0.92271024  0.489374   ... -0.07978681 -1.0132432
 -0.36847997]"
78,연체반납하면 규제되는게 있어요?,광진정보 / 자양한강 / 군자역 / 합정역 스마트 도서관 모두 연체반납 시에 [대출권수x연체일수] 만큼 방문대출도 정지됩니다.,문의,문의_연체,"[-0.12105759 -0.52006847  0.3743199  ...  0.20531985 -0.80805343
 -0.38417703]"
79,연체반납하면 못 빌려요?,광진정보 / 자양한강 / 군자역 / 합정역 스마트 도서관 모두 연체반납 시에 [대출권수x연체일수] 만큼 방문대출도 정지됩니다.,문의,문의_연체,"[-0.30474    -0.95933294  0.49980214 ...  0.24909836 -1.1080295
 -0.9293767 ]"
80,도서관에 책 연체에 대한 정책이나 규정이 있어요?,광진정보 / 자양한강 / 군자역 / 합정역 스마트 도서관 모두 연체반납 시에 [대출권수x연체일수] 만큼 방문대출도 정지됩니다.,문의,문의_연체,"[-0.60223764 -0.61979824  0.51904184 ...  0.32646048 -1.0656723
 -0.5263643 ]"
81,연체한 책이 있으면 어떻게 됨?,광진정보 / 자양한강 / 군자역 / 합정역 스마트 도서관 모두 연체반납 시에 [대출권수x연체일수] 만큼 방문대출도 정지됩니다.,문의,문의_연체,"[-0.2832156  -0.5411705   0.4668603  ...  0.09646163 -0.9532253
 -0.5381008 ]"
82,책 연체할거 같은데 어떻게 해야하나요?,광진정보 / 자양한강 / 군자역 / 합정역 스마트 도서관 모두 연체반납 시에 [대출권수x연체일수] 만큼 방문대출도 정지됩니다.,문의,문의_연체,"[-0.42594442 -0.8531357   0.82377577 ...  0.42424524 -1.0800062
 -0.48099682]"
83,빌린 책 연체할거 같은데 어째야 하나요,광진정보 / 자양한강 / 군자역 / 합정역 스마트 도서관 모두 연체반납 시에 [대출권수x연체일수] 만큼 방문대출도 정지됩니다.,문의,문의_연체,"[-0.8677711  -0.740973    0.5338757  ... -0.18340328 -0.81931883
 -0.5389468 ]"
84,대출 기간 지나고 나서 책 반납하면 어떻게 되나요?,광진정보 / 자양한강 / 군자역 / 합정역 스마트 도서관 모두 연체반납 시에 [대출권수x연체일수] 만큼 방문대출도 정지됩니다.,문의,문의_연체,"[-0.44743413 -0.82847977  0.78242177 ... -0.1279942  -1.0239167
 -0.57026845]"
85,대출 기간 경과 후 반납하면 어떻게 되나요?,광진정보 / 자양한강 / 군자역 / 합정역 스마트 도서관 모두 연체반납 시에 [대출권수x연체일수] 만큼 방문대출도 정지됩니다.,문의,문의_연체,"[-0.04945166 -0.7834274   0.7061171  ...  0.14696334 -1.2382829
 -0.5339455 ]"
86,연체되면 어떻게 처리하나요?,광진정보 / 자양한강 / 군자역 / 합정역 스마트 도서관 모두 연체반납 시에 [대출권수x연체일수] 만큼 방문대출도 정지됩니다.,문의,문의_연체,"[-0.06786472 -0.4829872   0.59416056 ... -0.2646521  -0.8160844
 -0.16004503]"
87,연체 이력이 있으면 어떻게 되나요?,광진정보 / 자양한강 / 군자역 / 합정역 스마트 도서관 모두 연체반납 시에 [대출권수x연체일수] 만큼 방문대출도 정지됩니다.,문의,문의_연체,"[ 0.07488693 -0.6775058   0.16607343 ... -0.19480048 -0.78751355
 -0.56806713]"
88,도서 반납 연체 규정 알려줘,광진정보 / 자양한강 / 군자역 / 합정역 스마트 도서관 모두 연체반납 시에 [대출권수x연체일수] 만큼 방문대출도 정지됩니다.,문의,문의_연체,"[-0.80747485 -0.93854165  0.17458224 ...  0.32025144 -0.70012844
 -0.14605525]"
89,대출 기간이 지난 책을 반납하지 않으면 어떤 제재를 받아?,광진정보 / 자양한강 / 군자역 / 합정역 스마트 도서관 모두 연체반납 시에 [대출권수x연체일수] 만큼 방문대출도 정지됩니다.,문의,문의_연체,"[-0.14182821 -0.8861933   0.5551603  ... -0.05078274 -1.0932918
 -0.46277127]"
90,연체한 책 반납하면 내가 제재받는 게 있어?,광진정보 / 자양한강 / 군자역 / 합정역 스마트 도서관 모두 연체반납 시에 [대출권수x연체일수] 만큼 방문대출도 정지됩니다.,문의,문의_연체,"[-0.30373326 -0.7689978   0.5939064  ...  0.29234403 -1.195003
 -0.6516834 ]"
91,연체에 따른 패널티가 주어지나요?,광진정보 / 자양한강 / 군자역 / 합정역 스마트 도서관 모두 연체반납 시에 [대출권수x연체일수] 만큼 방문대출도 정지됩니다.,문의,문의_연체,"[-0.12873338 -0.9377215   0.333047   ... -0.1014101  -1.5917038
 -0.63514835]"
92,여기서 빌릴 수 있는 책은 몇 권까지야?,광진정보 / 자양한강 / 군자역 / 합정역 스마트 도서관 모두 한번에 최대 2권까지 대출 가능합니다,문의,문의_대출가능권수,"[-0.34610844 -1.1561551   0.26851234 ...  0.05064558 -1.3462129
 -0.7931021 ]"
93,대출 가능한 책의 권수는 몇 권 인가요?,광진정보 / 자양한강 / 군자역 / 합정역 스마트 도서관 모두 한번에 최대 2권까지 대출 가능합니다,문의,문의_대출가능권수,"[-0.37894312 -1.139135    0.8547315  ...  0.5439257  -1.453944
 -1.1095341 ]"
94,대출 가능 권수 알려줘,광진정보 / 자양한강 / 군자역 / 합정역 스마트 도서관 모두 한번에 최대 2권까지 대출 가능합니다,문의,문의_대출가능권수,"[-0.22618592 -1.1817153   0.7030976  ...  0.0601995  -1.1602336
 -0.9217877 ]"
95,1인 대출 가능 권수 어떻게 됩니까,광진정보 / 자양한강 / 군자역 / 합정역 스마트 도서관 모두 한번에 최대 2권까지 대출 가능합니다,문의,문의_대출가능권수,"[ 0.10093182 -0.52745944  0.44290987 ... -0.7456532  -0.7350081
 -0.3468423 ]"
96,대여 권수 알려줄래?,광진정보 / 자양한강 / 군자역 / 합정역 스마트 도서관 모두 한번에 최대 2권까지 대출 가능합니다,문의,문의_대출가능권수,"[-0.37880087 -0.88275665  0.7445955  ... -0.0133385  -0.66639125
 -0.87704843]"
97,대여 권수 규정이 있나요?,광진정보 / 자양한강 / 군자역 / 합정역 스마트 도서관 모두 한번에 최대 2권까지 대출 가능합니다,문의,문의_대출가능권수,"[-0.4160292  -0.816644    0.7764505  ...  0.2273146  -0.7472917
 -0.79055375]"
98,1인당 대출할 수 있는 대여 권수 규정이 있어요?,광진정보 / 자양한강 / 군자역 / 합정역 스마트 도서관 모두 한번에 최대 2권까지 대출 가능합니다,문의,문의_대출가능권수,"[-0.12345995 -0.17310254  0.19820802 ... -0.18337204 -0.799102
 -0.53648466]"
99,몇권까지 대출할 수 있어?,광진정보 / 자양한강 / 군자역 / 합정역 스마트 도서관 모두 한번에 최대 2권까지 대출 가능합니다,문의,문의_대출가능권수,"[ 0.2505058  -0.9303475   0.61179733 ...  0.00169594 -0.8804519
 -1.2638453 ]"
100,몇 권까지 대여가 가능한가요?,광진정보 / 자양한강 / 군자역 / 합정역 스마트 도서관 모두 한번에 최대 2권까지 대출 가능합니다,문의,문의_대출가능권수,"[-0.01967333 -1.0689131   0.925881   ...  0.19881234 -1.3682871
 -1.0109184 ]"
101,빌릴 수 있는 최대 대출 권수가 정해져있어?,광진정보 / 자양한강 / 군자역 / 합정역 스마트 도서관 모두 한번에 최대 2권까지 대출 가능합니다,문의,문의_대출가능권수,"[-0.26448467 -0.88415045  0.35063785 ... -0.05626872 -0.76367146
 -0.8363429 ]"
102,대출 권수 제한 있음?,광진정보 / 자양한강 / 군자역 / 합정역 스마트 도서관 모두 한번에 최대 2권까지 대출 가능합니다,문의,문의_대출가능권수,"[-0.43168718 -1.030105    0.84106725 ...  0.55091006 -0.83093715
 -1.2939383 ]"
103,대출 권수 제한 있나요?,광진정보 / 자양한강 / 군자역 / 합정역 스마트 도서관 모두 한번에 최대 2권까지 대출 가능합니다,문의,문의_대출가능권수,"[-0.49110967 -0.8409919   0.86833256 ...  0.48243955 -1.015398
 -1.1642448 ]"
104,대여할 수 있는 책 개수가 정해져 있나요?,광진정보 / 자양한강 / 군자역 / 합정역 스마트 도서관 모두 한번에 최대 2권까지 대출 가능합니다,문의,문의_대출가능권수,"[-0.6442212  -0.9282121   0.7773987  ...  0.63514054 -1.1278927
 -0.86845595]"
105,회원별 대여 권수가 제한되어 있나요?,광진정보 / 자양한강 / 군자역 / 합정역 스마트 도서관 모두 한번에 최대 2권까지 대출 가능합니다,문의,문의_대출가능권수,"[-0.20235604 -0.882817    0.6624321  ...  0.34565797 -1.1257877
 -0.7127702 ]"
106,인당 대출할 수 있는 책 개수 몇 개인가요?,광진정보 / 자양한강 / 군자역 / 합정역 스마트 도서관 모두 한번에 최대 2권까지 대출 가능합니다,문의,문의_대출가능권수,"[-0.04457543 -1.2931881   0.5360324  ...  0.29518995 -1.5026735
 -1.1069627 ]"
107,대출 가능한 책의 수에는 제한이 있나요?,광진정보 / 자양한강 / 군자역 / 합정역 스마트 도서관 모두 한번에 최대 2권까지 대출 가능합니다,문의,문의_대출가능권수,"[-0.35832635 -0.8075984   0.80840445 ...  0.66190267 -1.2193124
 -1.0476776 ]"
108,책 빌릴 수 있는 개수가 제한이 있어?,광진정보 / 자양한강 / 군자역 / 합정역 스마트 도서관 모두 한번에 최대 2권까지 대출 가능합니다,문의,문의_대출가능권수,"[-0.44967565 -0.86382365  0.34931213 ... -0.0840585  -0.84861237
 -0.6399088 ]"
109,도서관 이용 방법이 어떻게 되나요?,"(책GPT 이용 방법 이미지, 광진정보 스마트 도서관 이용 방법,02-3437-5092(내선 2번))\n(책GPT 이용 방법 이미지, 자양한강 스마트 도서관 이용 방법,02-456-0048(내선 2번)\n(책GPT 이용 방법 이미지, 군자역 스마트 도서관 이용 방법,02-3437-5092(내선 2번))\n(책GPT 이용 방법 이미지, 합정역 스마트 도서관 이용 방법,02-3153-5800)",문의,문의_대출방법,"[-0.19720979 -0.6749408   0.4291336  ... -0.21903506 -0.74484426
 -0.43384838]"
110,스마트 도서관 어떻게 이용해야 할 지 모르겠어,"(책GPT 이용 방법 이미지, 광진정보 스마트 도서관 이용 방법,02-3437-5092(내선 2번))\n(책GPT 이용 방법 이미지, 자양한강 스마트 도서관 이용 방법,02-456-0048(내선 2번)\n(책GPT 이용 방법 이미지, 군자역 스마트 도서관 이용 방법,02-3437-5092(내선 2번))\n(책GPT 이용 방법 이미지, 합정역 스마트 도서관 이용 방법,02-3153-5800)",문의,문의_대출방법,"[-0.0706948  -0.74278486  0.25372127 ...  0.64346874 -1.3175371
 -0.65685123]"
111,이걸로 책 대여할려면 어떻게 해야해?,"(책GPT 이용 방법 이미지, 광진정보 스마트 도서관 이용 방법,02-3437-5092(내선 2번))\n(책GPT 이용 방법 이미지, 자양한강 스마트 도서관 이용 방법,02-456-0048(내선 2번)\n(책GPT 이용 방법 이미지, 군자역 스마트 도서관 이용 방법,02-3437-5092(내선 2번))\n(책GPT 이용 방법 이미지, 합정역 스마트 도서관 이용 방법,02-3153-5800)",문의,문의_대출방법,"[-0.46451813 -0.70011145  0.7748146  ...  0.60117376 -1.0615802
 -0.75286865]"
112,대출방법 매뉴얼이 따로 있어?,"(책GPT 이용 방법 이미지, 광진정보 스마트 도서관 이용 방법,02-3437-5092(내선 2번))\n(책GPT 이용 방법 이미지, 자양한강 스마트 도서관 이용 방법,02-456-0048(내선 2번)\n(책GPT 이용 방법 이미지, 군자역 스마트 도서관 이용 방법,02-3437-5092(내선 2번))\n(책GPT 이용 방법 이미지, 합정역 스마트 도서관 이용 방법,02-3153-5800)",문의,문의_대출방법,"[ 0.07007321 -0.6396059   0.4932705  ... -0.2513873  -0.7360205
 -0.6402394 ]"
113,대출방법 매뉴얼 좀 알려줘,"(책GPT 이용 방법 이미지, 광진정보 스마트 도서관 이용 방법,02-3437-5092(내선 2번))\n(책GPT 이용 방법 이미지, 자양한강 스마트 도서관 이용 방법,02-456-0048(내선 2번)\n(책GPT 이용 방법 이미지, 군자역 스마트 도서관 이용 방법,02-3437-5092(내선 2번))\n(책GPT 이용 방법 이미지, 합정역 스마트 도서관 이용 방법,02-3153-5800)",문의,문의_대출방법,"[-0.31495586 -0.46353802  0.41032925 ... -0.24914417 -0.5059737
 -0.23772188]"
114,도서관 이용방법 매뉴얼 알려줘,"(책GPT 이용 방법 이미지, 광진정보 스마트 도서관 이용 방법,02-3437-5092(내선 2번))\n(책GPT 이용 방법 이미지, 자양한강 스마트 도서관 이용 방법,02-456-0048(내선 2번)\n(책GPT 이용 방법 이미지, 군자역 스마트 도서관 이용 방법,02-3437-5092(내선 2번))\n(책GPT 이용 방법 이미지, 합정역 스마트 도서관 이용 방법,02-3153-5800)",문의,문의_대출방법,"[-0.38419616 -0.57247216  0.09678355 ...  0.07881959 -1.1374806
 -0.1451443 ]"
115,책 빌리는 거 어떻게 할지 모르겠어,"(책GPT 이용 방법 이미지, 광진정보 스마트 도서관 이용 방법,02-3437-5092(내선 2번))\n(책GPT 이용 방법 이미지, 자양한강 스마트 도서관 이용 방법,02-456-0048(내선 2번)\n(책GPT 이용 방법 이미지, 군자역 스마트 도서관 이용 방법,02-3437-5092(내선 2번))\n(책GPT 이용 방법 이미지, 합정역 스마트 도서관 이용 방법,02-3153-5800)",문의,문의_대출방법,"[-0.3825575  -0.61866134  0.53168166 ...  0.11814664 -0.87101763
 -0.77777255]"
116,도서 대출 매뉴얼 알 수 있을까요?,"(책GPT 이용 방법 이미지, 광진정보 스마트 도서관 이용 방법,02-3437-5092(내선 2번))\n(책GPT 이용 방법 이미지, 자양한강 스마트 도서관 이용 방법,02-456-0048(내선 2번)\n(책GPT 이용 방법 이미지, 군자역 스마트 도서관 이용 방법,02-3437-5092(내선 2번))\n(책GPT 이용 방법 이미지, 합정역 스마트 도서관 이용 방법,02-3153-5800)",문의,문의_대출방법,"[-0.2206853  -0.6179707   0.41813654 ... -0.16116993 -0.973589
 -0.9983808 ]"
117,책 빌릴 때 어떻게 해야해요?,"(책GPT 이용 방법 이미지, 광진정보 스마트 도서관 이용 방법,02-3437-5092(내선 2번))\n(책GPT 이용 방법 이미지, 자양한강 스마트 도서관 이용 방법,02-456-0048(내선 2번)\n(책GPT 이용 방법 이미지, 군자역 스마트 도서관 이용 방법,02-3437-5092(내선 2번))\n(책GPT 이용 방법 이미지, 합정역 스마트 도서관 이용 방법,02-3153-5800)",문의,문의_대출방법,"[-0.46722326 -0.7066501   0.48951426 ...  0.06435815 -0.9404139
 -0.80355614]"
118,책 빌려보려면 이거 어떻게 써야해요?,"(책GPT 이용 방법 이미지, 광진정보 스마트 도서관 이용 방법,02-3437-5092(내선 2번))\n(책GPT 이용 방법 이미지, 자양한강 스마트 도서관 이용 방법,02-456-0048(내선 2번)\n(책GPT 이용 방법 이미지, 군자역 스마트 도서관 이용 방법,02-3437-5092(내선 2번))\n(책GPT 이용 방법 이미지, 합정역 스마트 도서관 이용 방법,02-3153-5800)",문의,문의_대출방법,"[-0.525609   -0.6123848   0.33687997 ... -0.06970195 -0.7428868
 -0.5061515 ]"
119,대출하고싶은데 이거 어떻게 써야함?,"(책GPT 이용 방법 이미지, 광진정보 스마트 도서관 이용 방법,02-3437-5092(내선 2번))\n(책GPT 이용 방법 이미지, 자양한강 스마트 도서관 이용 방법,02-456-0048(내선 2번)\n(책GPT 이용 방법 이미지, 군자역 스마트 도서관 이용 방법,02-3437-5092(내선 2번))\n(책GPT 이용 방법 이미지, 합정역 스마트 도서관 이용 방법,02-3153-5800)",문의,문의_대출방법,"[-0.33226657 -0.80402195  0.74813    ... -0.13496229 -0.8556989
 -0.71659917]"
120,책 대여할려면 어떻게 해야함?,"(책GPT 이용 방법 이미지, 광진정보 스마트 도서관 이용 방법,02-3437-5092(내선 2번))\n(책GPT 이용 방법 이미지, 자양한강 스마트 도서관 이용 방법,02-456-0048(내선 2번)\n(책GPT 이용 방법 이미지, 군자역 스마트 도서관 이용 방법,02-3437-5092(내선 2번))\n(책GPT 이용 방법 이미지, 합정역 스마트 도서관 이용 방법,02-3153-5800)",문의,문의_대출방법,"[-0.26654673 -0.6599981   0.6750515  ...  0.71074605 -0.9028378
 -0.81528926]"
121,대출 가능한 기간은 얼마나 되나요?,광진정보 / 자양한강 / 군자역 / 합정역 스마트 도서관 모두 대출 기간은 대출일 포함 15일입니다.,문의,문의_대출기간,"[-1.2186419e-01 -7.2367072e-01  9.8874098e-01 ... -4.8684046e-04
 -1.0846914e+00 -8.1392872e-01]"
122,대출 기간은 얼마나 되요?,광진정보 / 자양한강 / 군자역 / 합정역 스마트 도서관 모두 대출 기간은 대출일 포함 15일입니다.,문의,문의_대출기간,"[-0.20841488 -0.65291846  0.9329827  ... -0.20972553 -0.957718
 -0.6258979 ]"
123,책 빌리면 언제까지 반납해야 해요?,광진정보 / 자양한강 / 군자역 / 합정역 스마트 도서관 모두 대출 기간은 대출일 포함 15일입니다.,문의,문의_대출기간,"[-0.42590472 -0.5092228   0.3865843  ... -0.0133056  -0.9082966
 -0.6466456 ]"
124,대출 기간 규정 알려줘,광진정보 / 자양한강 / 군자역 / 합정역 스마트 도서관 모두 대출 기간은 대출일 포함 15일입니다.,문의,문의_대출기간,"[-0.4080012  -0.92339045  0.6824704  ...  0.05542928 -1.2126763
 -0.4680477 ]"
125,대출하면 언제 반납해야 해요?,광진정보 / 자양한강 / 군자역 / 합정역 스마트 도서관 모두 대출 기간은 대출일 포함 15일입니다.,문의,문의_대출기간,"[-0.18103854 -0.58647096  0.79343855 ...  0.43418565 -0.9731838
 -0.88483685]"
126,1인당 대출기간 제한이 있어?,광진정보 / 자양한강 / 군자역 / 합정역 스마트 도서관 모두 대출 기간은 대출일 포함 15일입니다.,문의,문의_대출기간,"[ 0.13377209 -0.35799974  0.40298474 ... -0.05956857 -1.1266689
 -0.44573244]"
127,책 빌리면 언제 갖다줘야 해?,광진정보 / 자양한강 / 군자역 / 합정역 스마트 도서관 모두 대출 기간은 대출일 포함 15일입니다.,문의,문의_대출기간,"[-0.35912347 -0.793127    0.5128341  ...  0.10395717 -1.115917
 -0.8218411 ]"
128,책 빌리면 며칠동안 볼 수 있어?,광진정보 / 자양한강 / 군자역 / 합정역 스마트 도서관 모두 대출 기간은 대출일 포함 15일입니다.,문의,문의_대출기간,"[-0.43250206 -0.39407802  0.02817198 ... -0.5853047  -0.55033344
 -0.5404022 ]"
129,대출 기간은 정해져있어요?,광진정보 / 자양한강 / 군자역 / 합정역 스마트 도서관 모두 대출 기간은 대출일 포함 15일입니다.,문의,문의_대출기간,"[-0.11231789 -0.8611145   0.89089257 ...  0.35630798 -1.4074686
 -1.1078899 ]"
130,책 반납할 수 있는 기간이 정해져있어요?,광진정보 / 자양한강 / 군자역 / 합정역 스마트 도서관 모두 대출 기간은 대출일 포함 15일입니다.,문의,문의_대출기간,"[-0.5329233  -0.94130385  0.52988124 ...  0.3864131  -1.0910771
 -0.76059115]"
131,도서 이용기간이 정해져있어요?,광진정보 / 자양한강 / 군자역 / 합정역 스마트 도서관 모두 대출 기간은 대출일 포함 15일입니다.,문의,문의_대출기간,"[-0.35388708 -0.7688381   0.53399676 ...  0.1942356  -1.4131696
 -0.68433714]"
132,대출기간이 어떻게 되나요?,광진정보 / 자양한강 / 군자역 / 합정역 스마트 도서관 모두 대출 기간은 대출일 포함 15일입니다.,문의,문의_대출기간,"[-0.09286736 -0.7100847   0.8381142  ... -0.39812914 -1.1620132
 -0.630343  ]"
133,대출한 책을 분실했을 때 어떻게 해야하나요?,"광진정보 / 자양한강 / 군자역 / 합정역 스마트 도서관 모두 자료 분실 혹은 훼손시 동일 도서로 변상하여야 합니다.\n동일 도서로 변상할 수 없는 경우에는 대체자료를 구입하여 변상하여야 하며,\n사전에 해당 자료실로 문의 바랍니다.",문의,문의_분실,"[-0.23821943 -0.73650867  0.66120917 ...  0.2471084  -1.1201128
 -0.85671717]"
134,책 잃어버렸는데 어째야 함?,"광진정보 / 자양한강 / 군자역 / 합정역 스마트 도서관 모두 자료 분실 혹은 훼손시 동일 도서로 변상하여야 합니다.\n동일 도서로 변상할 수 없는 경우에는 대체자료를 구입하여 변상하여야 하며,\n사전에 해당 자료실로 문의 바랍니다.",문의,문의_분실,"[-0.62867    -0.7490709   0.42746523 ...  0.19139735 -0.9101538
 -0.56478065]"
135,책 분실했으면 어떻게 되나요?,"광진정보 / 자양한강 / 군자역 / 합정역 스마트 도서관 모두 자료 분실 혹은 훼손시 동일 도서로 변상하여야 합니다.\n동일 도서로 변상할 수 없는 경우에는 대체자료를 구입하여 변상하여야 하며,\n사전에 해당 자료실로 문의 바랍니다.",문의,문의_분실,"[-0.55618465 -0.60353607  0.37665313 ... -0.33195835 -0.83604205
 -0.41843766]"
136,분실 시 보상 규정이 있나요?,"광진정보 / 자양한강 / 군자역 / 합정역 스마트 도서관 모두 자료 분실 혹은 훼손시 동일 도서로 변상하여야 합니다.\n동일 도서로 변상할 수 없는 경우에는 대체자료를 구입하여 변상하여야 하며,\n사전에 해당 자료실로 문의 바랍니다.",문의,문의_분실,"[-0.76223487 -0.53745633  0.19307497 ...  0.37725863 -1.0179551
 -0.9028957 ]"
137,책 분실했어요. 어떻게 해야하나요?,"광진정보 / 자양한강 / 군자역 / 합정역 스마트 도서관 모두 자료 분실 혹은 훼손시 동일 도서로 변상하여야 합니다.\n동일 도서로 변상할 수 없는 경우에는 대체자료를 구입하여 변상하여야 하며,\n사전에 해당 자료실로 문의 바랍니다.",문의,문의_분실,"[-0.5348388  -0.72002035  0.4609862  ...  0.01523465 -1.0649723
 -0.5765835 ]"
138,"책을 분실했는데, 보상 규정이 있어요?","광진정보 / 자양한강 / 군자역 / 합정역 스마트 도서관 모두 자료 분실 혹은 훼손시 동일 도서로 변상하여야 합니다.\n동일 도서로 변상할 수 없는 경우에는 대체자료를 구입하여 변상하여야 하며,\n사전에 해당 자료실로 문의 바랍니다.",문의,문의_분실,"[-0.57605165 -0.6200184   0.30444342 ... -0.13022684 -0.8821798
 -0.27322027]"
139,"책을 분실했는데, 물어줘야 하죠?","광진정보 / 자양한강 / 군자역 / 합정역 스마트 도서관 모두 자료 분실 혹은 훼손시 동일 도서로 변상하여야 합니다.\n동일 도서로 변상할 수 없는 경우에는 대체자료를 구입하여 변상하여야 하며,\n사전에 해당 자료실로 문의 바랍니다.",문의,문의_분실,"[-0.74306554 -1.056188    0.5745465  ...  0.12991336 -0.9526342
 -0.79857224]"
140,책 분실시 제재가 있나요?,"광진정보 / 자양한강 / 군자역 / 합정역 스마트 도서관 모두 자료 분실 혹은 훼손시 동일 도서로 변상하여야 합니다.\n동일 도서로 변상할 수 없는 경우에는 대체자료를 구입하여 변상하여야 하며,\n사전에 해당 자료실로 문의 바랍니다.",문의,문의_분실,"[-0.96432936 -0.68373567  0.02359754 ...  0.13860339 -1.0882546
 -1.1542248 ]"
141,책 잃어버리면 변상해줘야 해요?,"광진정보 / 자양한강 / 군자역 / 합정역 스마트 도서관 모두 자료 분실 혹은 훼손시 동일 도서로 변상하여야 합니다.\n동일 도서로 변상할 수 없는 경우에는 대체자료를 구입하여 변상하여야 하며,\n사전에 해당 자료실로 문의 바랍니다.",문의,문의_분실,"[-0.4412851  -0.49030852  0.4347497  ...  0.45504844 -0.85631746
 -0.7582299 ]"
142,책 분실하면 어떻게 보상해줘야 해요?,"광진정보 / 자양한강 / 군자역 / 합정역 스마트 도서관 모두 자료 분실 혹은 훼손시 동일 도서로 변상하여야 합니다.\n동일 도서로 변상할 수 없는 경우에는 대체자료를 구입하여 변상하여야 하며,\n사전에 해당 자료실로 문의 바랍니다.",문의,문의_분실,"[-0.49834305 -0.7218634   0.46171147 ...  0.7015411  -1.0027552
 -1.0134609 ]"
143,책 훼손했는데 제가 어떻게 하면 되나요?,"광진정보 / 자양한강 / 군자역 / 합정역 스마트 도서관 모두 자료 분실 혹은 훼손시 동일 도서로 변상하여야 합니다.\n동일 도서로 변상할 수 없는 경우에는 대체자료를 구입하여 변상하여야 하며,\n사전에 해당 자료실로 문의 바랍니다.",문의,문의_분실,"[-0.5113057  -0.67942303  0.6921586  ...  0.422806   -0.7854566
 -0.3373892 ]"
144,책 훼손하면 물어줘야 됨?,"광진정보 / 자양한강 / 군자역 / 합정역 스마트 도서관 모두 자료 분실 혹은 훼손시 동일 도서로 변상하여야 합니다.\n동일 도서로 변상할 수 없는 경우에는 대체자료를 구입하여 변상하여야 하며,\n사전에 해당 자료실로 문의 바랍니다.",문의,문의_분실,"[-0.5089501  -0.64733446  0.40717793 ...  0.51169586 -0.7367011
 -0.7133835 ]"
145,자료 분실하면 보상 어떻게 해줘야 해요?,"광진정보 / 자양한강 / 군자역 / 합정역 스마트 도서관 모두 자료 분실 혹은 훼손시 동일 도서로 변상하여야 합니다.\n동일 도서로 변상할 수 없는 경우에는 대체자료를 구입하여 변상하여야 하며,\n사전에 해당 자료실로 문의 바랍니다.",문의,문의_분실,"[-0.18581706 -0.87435603  0.50236654 ...  0.56989014 -0.8649302
 -1.1066622 ]"
146,자료 훼손됐는데 제가 물어줘야 하나요?,"광진정보 / 자양한강 / 군자역 / 합정역 스마트 도서관 모두 자료 분실 혹은 훼손시 동일 도서로 변상하여야 합니다.\n동일 도서로 변상할 수 없는 경우에는 대체자료를 구입하여 변상하여야 하며,\n사전에 해당 자료실로 문의 바랍니다.",문의,문의_분실,"[-0.28985888 -0.8210408   0.52285284 ...  0.31552356 -0.5109534
 -0.34196886]"
147,책이 훼손되었던데 이거 내가 물어줘야해?,"광진정보 / 자양한강 / 군자역 / 합정역 스마트 도서관 모두 자료 분실 혹은 훼손시 동일 도서로 변상하여야 합니다.\n동일 도서로 변상할 수 없는 경우에는 대체자료를 구입하여 변상하여야 하며,\n사전에 해당 자료실로 문의 바랍니다.",문의,문의_분실,"[-0.5063434  -0.9011153   0.60962725 ...  0.34848592 -0.91818994
 -0.5383799 ]"
148,영업시간이 언제야?,"광진정보 / 자양한강 스마트 도서관의 운영 시간은 365일 24시간 (연중무휴) 입니다.\n군자역 스마트 도서관의 운영 시간은 오전 05:00 ~ 09:29, 오전 11:30 ~ 오후 23:49 (연중무휴) 입니다.\n합정역 스마트 도서관의 운영 시간은 오전 05:30 - 오후 24:00 (연중무휴) 입니다.",문의,문의_운영시간,"[ 0.04526256 -0.93513817  0.26326504 ... -0.61916345 -1.5543944
 -0.38011312]"
149,몇시부터 몇시까지 해?,"광진정보 / 자양한강 스마트 도서관의 운영 시간은 365일 24시간 (연중무휴) 입니다.\n군자역 스마트 도서관의 운영 시간은 오전 05:00 ~ 09:29, 오전 11:30 ~ 오후 23:49 (연중무휴) 입니다.\n합정역 스마트 도서관의 운영 시간은 오전 05:30 - 오후 24:00 (연중무휴) 입니다.",문의,문의_운영시간,"[-0.21861093 -0.95118445  0.8967518  ...  0.70056635 -1.5988879
 -1.3857231 ]"
150,도서관 언제 쉬어?,"광진정보 / 자양한강 스마트 도서관의 운영 시간은 365일 24시간 (연중무휴) 입니다.\n군자역 스마트 도서관의 운영 시간은 오전 05:00 ~ 09:29, 오전 11:30 ~ 오후 23:49 (연중무휴) 입니다.\n합정역 스마트 도서관의 운영 시간은 오전 05:30 - 오후 24:00 (연중무휴) 입니다.",문의,문의_운영시간,"[-0.21349703 -0.4391022   0.42116246 ... -0.36969483 -1.8702135
 -0.4069933 ]"
151,도서관 운영시간 언제까지임?,"광진정보 / 자양한강 스마트 도서관의 운영 시간은 365일 24시간 (연중무휴) 입니다.\n군자역 스마트 도서관의 운영 시간은 오전 05:00 ~ 09:29, 오전 11:30 ~ 오후 23:49 (연중무휴) 입니다.\n합정역 스마트 도서관의 운영 시간은 오전 05:30 - 오후 24:00 (연중무휴) 입니다.",문의,문의_운영시간,"[-0.38693154 -0.7739865   0.24647957 ... -0.48071855 -1.5362744
 -0.60809505]"
152,운영시간 좀,"광진정보 / 자양한강 스마트 도서관의 운영 시간은 365일 24시간 (연중무휴) 입니다.\n군자역 스마트 도서관의 운영 시간은 오전 05:00 ~ 09:29, 오전 11:30 ~ 오후 23:49 (연중무휴) 입니다.\n합정역 스마트 도서관의 운영 시간은 오전 05:30 - 오후 24:00 (연중무휴) 입니다.",문의,문의_운영시간,"[-0.19232729 -0.95595986  0.36329493 ... -0.05218419 -1.6353292
 -1.1488541 ]"
153,언제까지 도서관 운영함?,"광진정보 / 자양한강 스마트 도서관의 운영 시간은 365일 24시간 (연중무휴) 입니다.\n군자역 스마트 도서관의 운영 시간은 오전 05:00 ~ 09:29, 오전 11:30 ~ 오후 23:49 (연중무휴) 입니다.\n합정역 스마트 도서관의 운영 시간은 오전 05:30 - 오후 24:00 (연중무휴) 입니다.",문의,문의_운영시간,"[-0.14992604 -0.68842155  0.39985162 ... -0.28995726 -0.97809035
 -0.5016264 ]"
154,도서관 쉬는 날,"광진정보 / 자양한강 스마트 도서관의 운영 시간은 365일 24시간 (연중무휴) 입니다.\n군자역 스마트 도서관의 운영 시간은 오전 05:00 ~ 09:29, 오전 11:30 ~ 오후 23:49 (연중무휴) 입니다.\n합정역 스마트 도서관의 운영 시간은 오전 05:30 - 오후 24:00 (연중무휴) 입니다.",문의,문의_운영시간,"[-0.63353384 -0.4471906   0.7373074  ...  0.7216424  -1.2680337
 -0.68821466]"
155,맨날 도서관 운영함?,"광진정보 / 자양한강 스마트 도서관의 운영 시간은 365일 24시간 (연중무휴) 입니다.\n군자역 스마트 도서관의 운영 시간은 오전 05:00 ~ 09:29, 오전 11:30 ~ 오후 23:49 (연중무휴) 입니다.\n합정역 스마트 도서관의 운영 시간은 오전 05:30 - 오후 24:00 (연중무휴) 입니다.",문의,문의_운영시간,"[-0.47071758 -0.92010653  0.74473536 ...  0.71030706 -1.1471101
 -1.0569193 ]"
156,도서관 쉬는날 알려줘,"광진정보 / 자양한강 스마트 도서관의 운영 시간은 365일 24시간 (연중무휴) 입니다.\n군자역 스마트 도서관의 운영 시간은 오전 05:00 ~ 09:29, 오전 11:30 ~ 오후 23:49 (연중무휴) 입니다.\n합정역 스마트 도서관의 운영 시간은 오전 05:30 - 오후 24:00 (연중무휴) 입니다.",문의,문의_운영시간,"[-0.7000086  -0.6982657   0.38049844 ...  0.46535552 -1.2652485
 -0.5385461 ]"
157,맨날 책 빌릴 수 있음?,"광진정보 / 자양한강 스마트 도서관의 운영 시간은 365일 24시간 (연중무휴) 입니다.\n군자역 스마트 도서관의 운영 시간은 오전 05:00 ~ 09:29, 오전 11:30 ~ 오후 23:49 (연중무휴) 입니다.\n합정역 스마트 도서관의 운영 시간은 오전 05:30 - 오후 24:00 (연중무휴) 입니다.",문의,문의_운영시간,"[-0.8789499  -0.54597163  0.24570824 ...  0.15424655 -0.6080991
 -0.74634415]"
158,연체됐는데 어떻게 함?,광진정보 / 자양한강 / 군자역 / 합정역 스마트 도서관 모두 연체반납 시에 [대출권수x연체일수] 만큼 방문대출도 정지됩니다.,문의,문의_연체,"[-0.07025816 -0.7281541   0.85603905 ...  0.18120044 -0.9475073
 -0.1736564 ]"
159,책 연체되면 돈 내야 함?,광진정보 / 자양한강 / 군자역 / 합정역 스마트 도서관 모두 연체반납 시에 [대출권수x연체일수] 만큼 방문대출도 정지됩니다.,문의,문의_연체,"[-0.6048224  -0.9100699   0.7355746  ...  0.63862264 -0.88075286
 -0.6941405 ]"
160,대여 연장 안 됨?,광진정보 / 자양한강 / 군자역 / 합정역 스마트 도서관 모두 연체반납 시에 [대출권수x연체일수] 만큼 방문대출도 정지됩니다.,문의,문의_연체,"[-0.31257233 -0.76148105  0.40303653 ... -0.35287988 -0.6927749
 -0.95681125]"
161,대출 연장 안 됨?,광진정보 / 자양한강 / 군자역 / 합정역 스마트 도서관 모두 연체반납 시에 [대출권수x연체일수] 만큼 방문대출도 정지됩니다.,문의,문의_연체,"[-0.13858469 -0.782664    0.3666819  ... -0.2888739  -0.77426356
 -1.039243  ]"
162,연체하면 어떻게 됨?,광진정보 / 자양한강 / 군자역 / 합정역 스마트 도서관 모두 연체반납 시에 [대출권수x연체일수] 만큼 방문대출도 정지됩니다.,문의,문의_연체,"[ 0.01332819 -0.4021118   0.5274288  ... -0.04202212 -0.94811064
 -0.2063764 ]"
163,책 연체되었는데 어떻게 해야 하나요?,광진정보 / 자양한강 / 군자역 / 합정역 스마트 도서관 모두 연체반납 시에 [대출권수x연체일수] 만큼 방문대출도 정지됩니다.,문의,문의_연체,"[-0.48679844 -0.74743325  0.7522838  ...  0.34699988 -0.87297326
 -0.34875092]"
164,연체된 책 반납하면 어떻게 됨?,광진정보 / 자양한강 / 군자역 / 합정역 스마트 도서관 모두 연체반납 시에 [대출권수x연체일수] 만큼 방문대출도 정지됩니다.,문의,문의_연체,"[-0.35957208 -0.62188     0.49771082 ... -0.22511351 -1.0380435
 -0.41439635]"
165,연체 시 책 반납하면 어떻게 되나요?,광진정보 / 자양한강 / 군자역 / 합정역 스마트 도서관 모두 연체반납 시에 [대출권수x연체일수] 만큼 방문대출도 정지됩니다.,문의,문의_연체,"[-0.5369763  -0.74642736  0.53005767 ... -0.01436319 -1.183029
 -0.7249294 ]"
166,반납 못 해서 연체되면 어떻게 됨?,광진정보 / 자양한강 / 군자역 / 합정역 스마트 도서관 모두 연체반납 시에 [대출권수x연체일수] 만큼 방문대출도 정지됩니다.,문의,문의_연체,"[ 0.16107494 -0.7769375   0.54506665 ... -0.14486708 -0.81359184
 -0.38711843]"
167,몇 권 대출 가능함?,광진정보 / 자양한강 / 군자역 / 합정역 스마트 도서관 모두 한번에 최대 2권까지 대출 가능합니다,문의,문의_대출가능권수,"[ 0.16336305 -0.9743837   0.8465126  ...  0.4908776  -1.1470548
 -1.1465001 ]"
168,대여 가능 권수 알려줘,광진정보 / 자양한강 / 군자역 / 합정역 스마트 도서관 모두 한번에 최대 2권까지 대출 가능합니다,문의,문의_대출가능권수,"[-0.19093361 -1.2220314   0.80273885 ...  0.1200125  -1.1991653
 -0.9328889 ]"
169,최대 몇 권 빌릴 수 있음?,광진정보 / 자양한강 / 군자역 / 합정역 스마트 도서관 모두 한번에 최대 2권까지 대출 가능합니다,문의,문의_대출가능권수,"[ 0.01992962 -1.1269673   0.31596512 ... -0.20362177 -0.78987217
 -1.166259  ]"
170,몇권까지 책 빌릴 수 있나요?,광진정보 / 자양한강 / 군자역 / 합정역 스마트 도서관 모두 한번에 최대 2권까지 대출 가능합니다,문의,문의_대출가능권수,"[-0.40874258 -0.6553563   0.26171294 ... -0.19424862 -0.7445022
 -0.80874765]"
171,내가 몇 권까지 빌릴 수 있어?,광진정보 / 자양한강 / 군자역 / 합정역 스마트 도서관 모두 한번에 최대 2권까지 대출 가능합니다,문의,문의_대출가능권수,"[ 0.05727104 -1.2089322   0.37363005 ... -0.39620465 -0.96352637
 -0.96811193]"
172,빌릴 수 있는 최대 권수는?,광진정보 / 자양한강 / 군자역 / 합정역 스마트 도서관 모두 한번에 최대 2권까지 대출 가능합니다,문의,문의_대출가능권수,"[-0.5101664  -0.9503133   0.2912415  ... -0.313841   -0.81530535
 -0.74748397]"
173,책 빌리고 싶은데 몇 권까지 가능함?,광진정보 / 자양한강 / 군자역 / 합정역 스마트 도서관 모두 한번에 최대 2권까지 대출 가능합니다,문의,문의_대출가능권수,"[-0.40138432 -1.1129271   0.34105408 ...  0.24882185 -0.9537157
 -0.94602627]"
174,1인당 빌릴 수 있는 책 개수,광진정보 / 자양한강 / 군자역 / 합정역 스마트 도서관 모두 한번에 최대 2권까지 대출 가능합니다,문의,문의_대출가능권수,"[-0.5697292  -0.55574876  0.23750663 ... -0.48236877 -0.79925066
 -0.14290687]"
175,책 빌리는데 제한있음?,광진정보 / 자양한강 / 군자역 / 합정역 스마트 도서관 모두 한번에 최대 2권까지 대출 가능합니다,문의,문의_대출가능권수,"[-0.7202662  -0.6151644   0.5225376  ...  0.4930747  -0.6610165
 -0.62628156]"
176,대출 방법,"(책GPT 이용 방법 이미지, 광진정보 스마트 도서관 이용 방법,02-3437-5092(내선 2번))\n(책GPT 이용 방법 이미지, 자양한강 스마트 도서관 이용 방법,02-456-0048(내선 2번)\n(책GPT 이용 방법 이미지, 군자역 스마트 도서관 이용 방법,02-3437-5092(내선 2번))\n(책GPT 이용 방법 이미지, 합정역 스마트 도서관 이용 방법,02-3153-5800)",문의,문의_대출방법,"[-0.43219042 -0.5768418   0.5971953  ... -0.28734547 -0.3043189
 -0.46611875]"
177,대여 방법 알려줘,"(책GPT 이용 방법 이미지, 광진정보 스마트 도서관 이용 방법,02-3437-5092(내선 2번))\n(책GPT 이용 방법 이미지, 자양한강 스마트 도서관 이용 방법,02-456-0048(내선 2번)\n(책GPT 이용 방법 이미지, 군자역 스마트 도서관 이용 방법,02-3437-5092(내선 2번))\n(책GPT 이용 방법 이미지, 합정역 스마트 도서관 이용 방법,02-3153-5800)",문의,문의_대출방법,"[-0.6191394  -1.0420889   0.4219074  ... -0.12678218 -0.4372188
 -0.5812735 ]"
178,대여 어떻게 함?,"(책GPT 이용 방법 이미지, 광진정보 스마트 도서관 이용 방법,02-3437-5092(내선 2번))\n(책GPT 이용 방법 이미지, 자양한강 스마트 도서관 이용 방법,02-456-0048(내선 2번)\n(책GPT 이용 방법 이미지, 군자역 스마트 도서관 이용 방법,02-3437-5092(내선 2번))\n(책GPT 이용 방법 이미지, 합정역 스마트 도서관 이용 방법,02-3153-5800)",문의,문의_대출방법,"[ 0.0096661  -0.59966403  0.7930602  ...  0.16747291 -1.0277239
 -0.54709345]"
179,책 대출하는 법,"(책GPT 이용 방법 이미지, 광진정보 스마트 도서관 이용 방법,02-3437-5092(내선 2번))\n(책GPT 이용 방법 이미지, 자양한강 스마트 도서관 이용 방법,02-456-0048(내선 2번)\n(책GPT 이용 방법 이미지, 군자역 스마트 도서관 이용 방법,02-3437-5092(내선 2번))\n(책GPT 이용 방법 이미지, 합정역 스마트 도서관 이용 방법,02-3153-5800)",문의,문의_대출방법,"[-0.47909254 -0.6841511   0.43830732 ...  0.47682527 -0.78392786
 -0.92775613]"
180,대출하는 방법 알려줘,"(책GPT 이용 방법 이미지, 광진정보 스마트 도서관 이용 방법,02-3437-5092(내선 2번))\n(책GPT 이용 방법 이미지, 자양한강 스마트 도서관 이용 방법,02-456-0048(내선 2번)\n(책GPT 이용 방법 이미지, 군자역 스마트 도서관 이용 방법,02-3437-5092(내선 2번))\n(책GPT 이용 방법 이미지, 합정역 스마트 도서관 이용 방법,02-3153-5800)",문의,문의_대출방법,"[-0.58941835 -0.9059811   0.49793836 ...  0.44036075 -0.69688624
 -0.7529898 ]"
181,책 빌리는 방법,"(책GPT 이용 방법 이미지, 광진정보 스마트 도서관 이용 방법,02-3437-5092(내선 2번))\n(책GPT 이용 방법 이미지, 자양한강 스마트 도서관 이용 방법,02-456-0048(내선 2번)\n(책GPT 이용 방법 이미지, 군자역 스마트 도서관 이용 방법,02-3437-5092(내선 2번))\n(책GPT 이용 방법 이미지, 합정역 스마트 도서관 이용 방법,02-3153-5800)",문의,문의_대출방법,"[-0.589902   -0.7435857   0.07423139 ...  0.11431253 -0.5963772
 -0.43678164]"
182,어떻게 대출함?,"(책GPT 이용 방법 이미지, 광진정보 스마트 도서관 이용 방법,02-3437-5092(내선 2번))\n(책GPT 이용 방법 이미지, 자양한강 스마트 도서관 이용 방법,02-456-0048(내선 2번)\n(책GPT 이용 방법 이미지, 군자역 스마트 도서관 이용 방법,02-3437-5092(내선 2번))\n(책GPT 이용 방법 이미지, 합정역 스마트 도서관 이용 방법,02-3153-5800)",문의,문의_대출방법,"[ 0.11277042 -0.48467016  0.54400116 ... -0.17698431 -1.2442207
 -0.17645343]"
183,책 어떻게 빌림?,"(책GPT 이용 방법 이미지, 광진정보 스마트 도서관 이용 방법,02-3437-5092(내선 2번))\n(책GPT 이용 방법 이미지, 자양한강 스마트 도서관 이용 방법,02-456-0048(내선 2번)\n(책GPT 이용 방법 이미지, 군자역 스마트 도서관 이용 방법,02-3437-5092(내선 2번))\n(책GPT 이용 방법 이미지, 합정역 스마트 도서관 이용 방법,02-3153-5800)",문의,문의_대출방법,"[-0.61767733 -0.67400205  0.19322734 ... -0.5373328  -0.9835214
 -0.24247469]"
184,책 빌리고 싶은데 어떻게 해야 함?,"(책GPT 이용 방법 이미지, 광진정보 스마트 도서관 이용 방법,02-3437-5092(내선 2번))\n(책GPT 이용 방법 이미지, 자양한강 스마트 도서관 이용 방법,02-456-0048(내선 2번)\n(책GPT 이용 방법 이미지, 군자역 스마트 도서관 이용 방법,02-3437-5092(내선 2번))\n(책GPT 이용 방법 이미지, 합정역 스마트 도서관 이용 방법,02-3153-5800)",문의,문의_대출방법,"[-0.45994052 -0.80676585  0.47971103 ...  0.09415461 -0.84532726
 -0.98008674]"
185,책 대여 방법 좀 알려줘,"(책GPT 이용 방법 이미지, 광진정보 스마트 도서관 이용 방법,02-3437-5092(내선 2번))\n(책GPT 이용 방법 이미지, 자양한강 스마트 도서관 이용 방법,02-456-0048(내선 2번)\n(책GPT 이용 방법 이미지, 군자역 스마트 도서관 이용 방법,02-3437-5092(내선 2번))\n(책GPT 이용 방법 이미지, 합정역 스마트 도서관 이용 방법,02-3153-5800)",문의,문의_대출방법,"[-0.79025114 -1.0117188   0.33785236 ...  0.03914997 -0.60552585
 -0.30187476]"
186,책 빌리면 언제까지 볼 수 있음?,광진정보 / 자양한강 / 군자역 / 합정역 스마트 도서관 모두 대출 기간은 대출일 포함 15일입니다.,문의,문의_대출기간,"[-0.5324954  -0.36885473  0.05808398 ... -0.609246   -0.5541823
 -0.37016183]"
187,책 대출 기간 얼만큼임?,광진정보 / 자양한강 / 군자역 / 합정역 스마트 도서관 모두 대출 기간은 대출일 포함 15일입니다.,문의,문의_대출기간,"[-0.30949575 -0.7451017   0.55824727 ... -0.09011484 -1.2534882
 -0.6295176 ]"
188,얼만큼 책 읽을 수 있음?,광진정보 / 자양한강 / 군자역 / 합정역 스마트 도서관 모두 대출 기간은 대출일 포함 15일입니다.,문의,문의_대출기간,"[-0.68309456 -0.5327452   0.14541733 ... -0.07346862 -1.1511539
 -0.52721196]"
189,대출기간 좀,광진정보 / 자양한강 / 군자역 / 합정역 스마트 도서관 모두 대출 기간은 대출일 포함 15일입니다.,문의,문의_대출기간,"[-0.26526394 -0.60478324  0.93242925 ... -0.20378517 -1.4841185
 -0.73285246]"
190,대여기간이 어느 정도임?,광진정보 / 자양한강 / 군자역 / 합정역 스마트 도서관 모두 대출 기간은 대출일 포함 15일입니다.,문의,문의_대출기간,"[-0.0745795  -0.71853435  0.84599537 ... -0.26527467 -1.2605088
 -0.72570276]"
191,도서 대여 기간,광진정보 / 자양한강 / 군자역 / 합정역 스마트 도서관 모두 대출 기간은 대출일 포함 15일입니다.,문의,문의_대출기간,"[-0.31431955 -0.974978    0.92175984 ...  0.20221354 -1.8680053
 -0.7878102 ]"
192,대출 기간 정해져 있음?,광진정보 / 자양한강 / 군자역 / 합정역 스마트 도서관 모두 대출 기간은 대출일 포함 15일입니다.,문의,문의_대출기간,"[-0.37177473 -1.135536    0.88791984 ...  0.4345542  -1.0650929
 -1.0299255 ]"
193,책 빌려서 읽을 수 있는 기간이 어떻게 됨?,광진정보 / 자양한강 / 군자역 / 합정역 스마트 도서관 모두 대출 기간은 대출일 포함 15일입니다.,문의,문의_대출기간,"[-0.36050957 -0.8281777   0.17718287 ... -0.06823127 -1.0144712
 -0.6092517 ]"
194,책 빌릴 수 있는 기간이 어느 정도임?,광진정보 / 자양한강 / 군자역 / 합정역 스마트 도서관 모두 대출 기간은 대출일 포함 15일입니다.,문의,문의_대출기간,"[-0.484911   -0.863592    0.21044415 ... -0.48503864 -0.86228395
 -0.5260539 ]"
195,책 잃어버렸어,"광진정보 / 자양한강 / 군자역 / 합정역 스마트 도서관 모두 자료 분실 혹은 훼손시 동일 도서로 변상하여야 합니다.\n동일 도서로 변상할 수 없는 경우에는 대체자료를 구입하여 변상하여야 하며,\n사전에 해당 자료실로 문의 바랍니다.",문의,문의_분실,"[-0.40747538 -0.27207416  0.15602908 ... -0.10679259 -0.7780112
 -0.33343026]"
196,책 찢어졌어,"광진정보 / 자양한강 / 군자역 / 합정역 스마트 도서관 모두 자료 분실 혹은 훼손시 동일 도서로 변상하여야 합니다.\n동일 도서로 변상할 수 없는 경우에는 대체자료를 구입하여 변상하여야 하며,\n사전에 해당 자료실로 문의 바랍니다.",문의,문의_분실,"[-0.49045008 -0.72312164  0.3742028  ... -0.35537812 -0.7616668
 -0.47078615]"
197,책 훼손했는데,"광진정보 / 자양한강 / 군자역 / 합정역 스마트 도서관 모두 자료 분실 혹은 훼손시 동일 도서로 변상하여야 합니다.\n동일 도서로 변상할 수 없는 경우에는 대체자료를 구입하여 변상하여야 하며,\n사전에 해당 자료실로 문의 바랍니다.",문의,문의_분실,"[-0.69730544 -0.6600108   0.6064726  ...  0.193586   -1.0672207
 -0.2205706 ]"
198,훼손된 책 어떻게 해야 하나요?,"광진정보 / 자양한강 / 군자역 / 합정역 스마트 도서관 모두 자료 분실 혹은 훼손시 동일 도서로 변상하여야 합니다.\n동일 도서로 변상할 수 없는 경우에는 대체자료를 구입하여 변상하여야 하며,\n사전에 해당 자료실로 문의 바랍니다.",문의,문의_분실,"[-0.49328467 -0.71087766  0.79233766 ...  0.43199998 -1.0430148
 -0.38084447]"
199,책이 없어졌는데 어떻게 해?,"광진정보 / 자양한강 / 군자역 / 합정역 스마트 도서관 모두 자료 분실 혹은 훼손시 동일 도서로 변상하여야 합니다.\n동일 도서로 변상할 수 없는 경우에는 대체자료를 구입하여 변상하여야 하며,\n사전에 해당 자료실로 문의 바랍니다.",문의,문의_분실,"[-0.49274522 -0.88101393  0.78145283 ...  0.14397101 -0.78518283
 -0.41723838]"
